{"vIN":1,"odometer":0.1111111,"consumption":0.111111111,"odometerReadingForLastOilChange":0.1111110110101,"engineSizeLiters":5.0}